event_index,id,id_origin,kind,label,reported_helper_seconds,completion_utc,estimated_start_utc,stage_after,label_node_hint,annotation_node_bucket,cross_node_transition,phase_label,phase_zh,phase_evidence,ok_present,ok,helper_status,business_outcome,input_effect,error,image_basename,run_id
1,6f136ea5afe04b5cbc4c8e81a9f6e343,source_helper_event_id_not_verified_broker_request_id,observe,current-game,4.203,2026-10-06T17:03:07.420392+00:00,2026-10-06T17:03:03.217392+00:00,,,unlabelled,False,unknown,未标注阶段,operator_annotation_only,False,,missing,not_evaluated_without_receipts,unknown_from_this_sample,,,616b087bce2c4346a544d3802b2f19e0
2,f4c87a3a6c6244deb216ef58ad4f101b,source_helper_event_id_not_verified_broker_request_id,actions,equip-and-guide,7.187,2026-10-06T17:03:58.088512+00:00,2026-10-06T17:03:50.901512+00:00,,,unlabelled,False,mixed_guide_equipment,指南与装备混合,operator_annotation_only,False,,missing,not_evaluated_without_receipts,unknown_from_this_sample,,,616b087bce2c4346a544d3802b2f19e0
3,d84fb0636adf44e0a530eccf4d436ced,source_helper_event_id_not_verified_broker_request_id,actions,shop-open,7.063,2026-10-06T17:04:16.535352+00:00,2026-10-06T17:04:09.472352+00:00,,,unlabelled,False,economy,购买/刷新/升级,operator_annotation_only,False,,missing,not_evaluated_without_receipts,unknown_from_this_sample,,,616b087bce2c4346a544d3802b2f19e0
4,07a0e5205e2d4ae284f2e17970799545,source_helper_event_id_not_verified_broker_request_id,actions,free-refresh-and-xp,9.515,2026-10-06T17:04:41.554298+00:00,2026-10-06T17:04:32.039298+00:00,,,unlabelled,False,economy,购买/刷新/升级,operator_annotation_only,False,,missing,not_evaluated_without_receipts,unknown_from_this_sample,,,616b087bce2c4346a544d3802b2f19e0
5,a9e979c9b8a9475f9c261195ffec69dc,source_helper_event_id_not_verified_broker_request_id,actions,buy-feixiao-free-refresh,6.89,2026-10-06T17:05:07.125650+00:00,2026-10-06T17:05:00.235650+00:00,,,unlabelled,False,economy,购买/刷新/升级,operator_annotation_only,False,,missing,not_evaluated_without_receipts,unknown_from_this_sample,,,616b087bce2c4346a544d3802b2f19e0
6,f38263d6e2c54e899fe5ab245fc1bcc8,source_helper_event_id_not_verified_broker_request_id,actions,prep-acceptance,12.046,2026-10-06T17:05:45.508111+00:00,2026-10-06T17:05:33.462111+00:00,,,unlabelled,False,battle_acceptance,验收/出战 helper,operator_annotation_only,False,,missing,not_evaluated_without_receipts,unknown_from_this_sample,,,616b087bce2c4346a544d3802b2f19e0
7,8e89a7d2d45c452fa8c3813a1ff71e5b,source_helper_event_id_not_verified_broker_request_id,actions,prep-acceptance,12.031,2026-10-06T17:07:05.073115+00:00,2026-10-06T17:06:53.042115+00:00,,,unlabelled,False,battle_acceptance,验收/出战 helper,operator_annotation_only,False,,missing,not_evaluated_without_receipts,unknown_from_this_sample,,,616b087bce2c4346a544d3802b2f19e0
8,c0a30d34478c454b925b33dfa23b6a07,source_helper_event_id_not_verified_broker_request_id,actions,prep-acceptance,12.047,2026-10-06T17:08:40.522567+00:00,2026-10-06T17:08:28.475567+00:00,,,unlabelled,False,battle_acceptance,验收/出战 helper,operator_annotation_only,False,,missing,not_evaluated_without_receipts,unknown_from_this_sample,,,616b087bce2c4346a544d3802b2f19e0
9,ae4cb0908fd94ed9a5541578e0ecaa75,source_helper_event_id_not_verified_broker_request_id,actions,prep-acceptance,6.406,2026-10-06T17:09:57.903999+00:00,2026-10-06T17:09:51.497999+00:00,,,unlabelled,False,battle_acceptance,验收/出战 helper,operator_annotation_only,False,,missing,not_evaluated_without_receipts,unknown_from_this_sample,,,616b087bce2c4346a544d3802b2f19e0
10,10b7ee40b6b24484b62299e7adf6eb2a,source_helper_event_id_not_verified_broker_request_id,battle,3-1-departure,2.515,2026-10-06T17:10:24.928884+00:00,2026-10-06T17:10:22.413884+00:00,,3-1,3-1,False,battle_acceptance,验收/出战 helper,operator_annotation_only,False,,missing,not_evaluated_without_receipts,unknown_from_this_sample,,,616b087bce2c4346a544d3802b2f19e0
11,dbd0cbc48bd140f6b6a7d97871a38198,source_helper_event_id_not_verified_broker_request_id,battle,3-1-departure,2.453,2026-10-06T17:10:45.475078+00:00,2026-10-06T17:10:43.022078+00:00,,3-1,3-1,False,battle_acceptance,验收/出战 helper,operator_annotation_only,False,,missing,not_evaluated_without_receipts,unknown_from_this_sample,,,616b087bce2c4346a544d3802b2f19e0
12,33b337a9711c41cc846b1740454b599c,source_helper_event_id_not_verified_broker_request_id,battle,3-1-departure,7.781,2026-10-06T17:11:12.695673+00:00,2026-10-06T17:11:04.914673+00:00,,3-1,3-1,False,battle_acceptance,验收/出战 helper,operator_annotation_only,False,,missing,not_evaluated_without_receipts,unknown_from_this_sample,,,616b087bce2c4346a544d3802b2f19e0
13,026a87c08d9c4664828ffc57c9a84032,source_helper_event_id_not_verified_broker_request_id,state,native-battle-progress,0.016,2026-10-06T17:12:09.085938+00:00,2026-10-06T17:12:09.069938+00:00,,,unlabelled,False,battle_progress_query,战斗进度查询,operator_annotation_only,False,,missing,not_evaluated_without_receipts,unknown_from_this_sample,,,616b087bce2c4346a544d3802b2f19e0
14,be1c89aa4c48478682bba562d096bc7c,source_helper_event_id_not_verified_broker_request_id,observe,3-1-battle-or-result,4.703,2026-10-06T17:12:40.140913+00:00,2026-10-06T17:12:35.437913+00:00,,3-1,3-1,False,mixed_battle_settlement,战斗或结算观察,operator_annotation_only,False,,missing,not_evaluated_without_receipts,unknown_from_this_sample,,,616b087bce2c4346a544d3802b2f19e0
15,8ba32a4cf197449cbfe8ce43a35716b3,source_helper_event_id_not_verified_broker_request_id,resume,native-fight,1.391,2026-10-06T17:13:13.215269+00:00,2026-10-06T17:13:11.824269+00:00,,,unlabelled,False,recovery,恢复/恢复状态查询,operator_annotation_only,False,,missing,not_evaluated_without_receipts,unknown_from_this_sample,,,616b087bce2c4346a544d3802b2f19e0
16,a5c51f11da9e4377b9e53beaa9836092,source_helper_event_id_not_verified_broker_request_id,observe,3-1-next-page,4.25,2026-10-06T17:13:55.997507+00:00,2026-10-06T17:13:51.747507+00:00,3-1,3-1,3-1,False,settlement,结算/下一页,operator_annotation_only,True,True,reported_true,not_evaluated_without_receipts,unknown_from_this_sample,,3cfc0001cdd9479fb149e6f1144a04cd-3-1-next-page.png,616b087bce2c4346a544d3802b2f19e0
17,4582b108962e4532923b8bf975ea371c,source_helper_event_id_not_verified_broker_request_id,actions,3-1-result-continue,5.563,2026-10-06T17:14:35.576030+00:00,2026-10-06T17:14:30.013030+00:00,3-2,3-1,3-1→3-2,True,settlement,结算/下一页,operator_annotation_only,True,True,reported_true,not_evaluated_without_receipts,unknown_from_this_sample,,ede65fbe66184d369fb40ea4c2c7591e-3-1-result-continue.png,616b087bce2c4346a544d3802b2f19e0
18,8b67ffa5a717490ebfbc875a25aa4645,source_helper_event_id_not_verified_broker_request_id,observe,3-2-rewards,2.406,2026-10-06T17:15:01.746570+00:00,2026-10-06T17:14:59.340570+00:00,3-2,3-2,3-2,False,rewards,奖励/选择,operator_annotation_only,True,True,reported_true,not_evaluated_without_receipts,unknown_from_this_sample,,7bd94651f1424a44aa22797f01731d3f-3-2-rewards.png,616b087bce2c4346a544d3802b2f19e0
19,519ad61903d04df68fb74c8cd6d85768,source_helper_event_id_not_verified_broker_request_id,actions,3-2-investment-reward,6.344,2026-10-06T17:15:50.161944+00:00,2026-10-06T17:15:43.817944+00:00,3-2,3-2,3-2,False,rewards,奖励/选择,operator_annotation_only,True,True,reported_true,not_evaluated_without_receipts,unknown_from_this_sample,,43385c2d84ed469cbbca6c6887ad28ba-3-2-investment-reward.png,616b087bce2c4346a544d3802b2f19e0
20,f8f621e55cf34b389eacd366c8d80f83,source_helper_event_id_not_verified_broker_request_id,actions,3-2-sell-drawer,5.031,2026-10-06T17:16:37.620881+00:00,2026-10-06T17:16:32.589881+00:00,3-2,3-2,3-2,False,inventory_cleanup,整理/清库,operator_annotation_only,True,True,reported_true,not_evaluated_without_receipts,unknown_from_this_sample,,899730f222d1431eb32d9700966c6cec-3-2-sell-drawer.png,616b087bce2c4346a544d3802b2f19e0
21,db3e42de52ef4f8a8f6ddd193bb1e26f,source_helper_event_id_not_verified_broker_request_id,actions,3-2-sell-before-shopping,7.36,2026-10-06T17:17:24.346345+00:00,2026-10-06T17:17:16.986345+00:00,3-2,3-2,3-2,False,inventory_cleanup,整理/清库,operator_annotation_only,True,True,reported_true,not_evaluated_without_receipts,unknown_from_this_sample,,5f5dbd6f1b254ce4b258d5141eed8a8a-3-2-sell-before-shopping.png,616b087bce2c4346a544d3802b2f19e0
22,06bc9ff7e647457c9e07be424941875c,source_helper_event_id_not_verified_broker_request_id,actions,3-2-level-after-shop-stop,9.015,2026-10-06T17:18:37.760140+00:00,2026-10-06T17:18:28.745140+00:00,3-2,3-2,3-2,False,economy,购买/刷新/升级,operator_annotation_only,True,True,reported_true,not_evaluated_without_receipts,unknown_from_this_sample,,6fed486a2c0546e0af2f35980ecafe81-3-2-level-after-shop-stop.png,616b087bce2c4346a544d3802b2f19e0
23,47fc789c49ae4d94bf31cf0997ea2947,source_helper_event_id_not_verified_broker_request_id,actions,3-2-cipher-role-read,5.406,2026-10-06T17:19:10.150376+00:00,2026-10-06T17:19:04.744376+00:00,3-2,3-2,3-2,False,lineup_equipment,布阵/装备/合成,operator_annotation_only,True,True,reported_true,not_evaluated_without_receipts,unknown_from_this_sample,,25caa754dd044b7a8bdbbed54b5d50ad-3-2-cipher-role-read.png,616b087bce2c4346a544d3802b2f19e0
24,398fd51b036749ecb7d20aafef588117,source_helper_event_id_not_verified_broker_request_id,actions,3-2-deploy-eighth,7.328,2026-10-06T17:19:43.409252+00:00,2026-10-06T17:19:36.081252+00:00,3-2,3-2,3-2,False,lineup_equipment,布阵/装备/合成,operator_annotation_only,True,True,reported_true,not_evaluated_without_receipts,unknown_from_this_sample,,486b74c462f9499eaf11e7f1fb058ebe-3-2-deploy-eighth.png,616b087bce2c4346a544d3802b2f19e0
25,7eab01be6b69414698ed8c216acbb797,source_helper_event_id_not_verified_broker_request_id,battle,3-2-departure,2.563,2026-10-06T17:20:35.698005+00:00,2026-10-06T17:20:33.135005+00:00,3-2,3-2,3-2,False,battle_acceptance,验收/出战 helper,operator_annotation_only,True,False,reported_false,not_evaluated_without_receipts,unknown_from_this_sample,,,616b087bce2c4346a544d3802b2f19e0
26,8228069596ab4748b6c4c636f25aabb9,source_helper_event_id_not_verified_broker_request_id,battle,3-2-departure,8.515,2026-10-06T17:22:07.767979+00:00,2026-10-06T17:21:59.252979+00:00,3-2,3-2,3-2,False,battle_acceptance,验收/出战 helper,operator_annotation_only,True,True,reported_true,not_evaluated_without_receipts,unknown_from_this_sample,,c4d9f7ee90b649449b36023328df6ca5-3-2-departure.png,616b087bce2c4346a544d3802b2f19e0
27,50502f3142404aac82f49714f59acab2,source_helper_event_id_not_verified_broker_request_id,state,3-2-native-progress,0.0,2026-10-06T17:23:21.696019+00:00,2026-10-06T17:23:21.696019+00:00,3-2,3-2,3-2,False,battle_progress_query,战斗进度查询,operator_annotation_only,True,True,reported_true,not_evaluated_without_receipts,unknown_from_this_sample,,,616b087bce2c4346a544d3802b2f19e0
28,171e087b291742d7a6e4f0ee84b530af,source_helper_event_id_not_verified_broker_request_id,observe,3-2-result,4.234,2026-10-06T17:24:09.337327+00:00,2026-10-06T17:24:05.103327+00:00,3-2,3-2,3-2,False,settlement,结算/下一页,operator_annotation_only,True,True,reported_true,not_evaluated_without_receipts,unknown_from_this_sample,,fd4f43b45fdc4e92ac653406c0eb5478-3-2-result.png,616b087bce2c4346a544d3802b2f19e0
29,a1d7142c8cf74ecab172b1c2e3c4b966,source_helper_event_id_not_verified_broker_request_id,actions,3-2-continue,5.718,2026-10-06T17:24:53.823878+00:00,2026-10-06T17:24:48.105878+00:00,3-3,3-2,3-2→3-3,True,settlement,结算/下一页,operator_annotation_only,True,True,reported_true,not_evaluated_without_receipts,unknown_from_this_sample,,7dcbf22d4cac485fb0662a199fb439dd-3-2-continue.png,616b087bce2c4346a544d3802b2f19e0
30,54f534d19ece4db281b59832dabcaa50,source_helper_event_id_not_verified_broker_request_id,observe,3-3-reward-choice,2.218,2026-10-06T17:25:41.897672+00:00,2026-10-06T17:25:39.679672+00:00,3-3,3-3,3-3,False,rewards,奖励/选择,operator_annotation_only,True,True,reported_true,not_evaluated_without_receipts,unknown_from_this_sample,,26351a24e916406c9e5eb7126f5f87ce-3-3-reward-choice.png,616b087bce2c4346a544d3802b2f19e0
31,3374949f9f444f06a3083be382c61f05,source_helper_event_id_not_verified_broker_request_id,actions,3-3-armor-read,1.64,2026-10-06T17:27:31.238811+00:00,2026-10-06T17:27:29.598811+00:00,3-3,3-3,3-3,False,rewards,奖励/选择,operator_annotation_only,True,False,reported_false,not_evaluated_without_receipts,unknown_from_this_sample,unsupported action or argument count,,616b087bce2c4346a544d3802b2f19e0
32,63cf4329d4e54687b91393d7f6ec2932,source_helper_event_id_not_verified_broker_request_id,actions,3-3-armor-choice-and-tooltip,4.891,2026-10-06T17:29:13.203942+00:00,2026-10-06T17:29:08.312942+00:00,3-3,3-3,3-3,False,rewards,奖励/选择,operator_annotation_only,True,True,reported_true,not_evaluated_without_receipts,unknown_from_this_sample,,9ec51d361d174135a1747f626397efb6-3-3-armor-choice-and-tooltip.png,616b087bce2c4346a544d3802b2f19e0
33,c212784a6c7c49eeb40c6f99ad432cd4,source_helper_event_id_not_verified_broker_request_id,actions,3-3-select-recommended-armor,5.438,2026-10-06T17:30:26.225213+00:00,2026-10-06T17:30:20.787213+00:00,3-3,3-3,3-3,False,rewards,奖励/选择,operator_annotation_only,True,True,reported_true,not_evaluated_without_receipts,unknown_from_this_sample,,a7db11d7716c4315b430c98399a76032-3-3-select-recommended-armor.png,616b087bce2c4346a544d3802b2f19e0
34,c580390cdea04cbdbc07b4bf31eba536,source_helper_event_id_not_verified_broker_request_id,actions,3-3-confirm-reward,5.391,2026-10-06T17:30:43.637222+00:00,2026-10-06T17:30:38.246222+00:00,3-4,3-3,3-3→3-4,True,rewards,奖励/选择,operator_annotation_only,True,True,reported_true,not_evaluated_without_receipts,unknown_from_this_sample,,0e9744675d2e4a1fa9693e79d8ddf70d-3-3-confirm-reward.png,616b087bce2c4346a544d3802b2f19e0
35,552443573357408b84813ef97ab8656a,source_helper_event_id_not_verified_broker_request_id,actions,3-4-gear-preparation,8.922,2026-10-06T17:33:19.719177+00:00,2026-10-06T17:33:10.797177+00:00,3-4,3-4,3-4,False,lineup_equipment,布阵/装备/合成,operator_annotation_only,True,True,reported_true,not_evaluated_without_receipts,unknown_from_this_sample,,1615a214c54542459206bcac99a125cd-3-4-gear-preparation.png,616b087bce2c4346a544d3802b2f19e0
36,68fc0aacd3ed4a63a3a5384e8c10498c,source_helper_event_id_not_verified_broker_request_id,actions,3-4-accept-armor-recommendation,0.265,2026-10-06T17:34:45.326936+00:00,2026-10-06T17:34:45.061936+00:00,3-4,3-4,3-4,False,lineup_equipment,布阵/装备/合成,operator_annotation_only,True,False,reported_false,not_evaluated_without_receipts,unknown_from_this_sample,physical input changed; no request sent,,616b087bce2c4346a544d3802b2f19e0
37,78f3e9bcff8b4d63ba7b9ce9a13a1d79,source_helper_event_id_not_verified_broker_request_id,actions,3-4-accept-armor-recommendation,6.359,2026-10-06T17:36:26.835240+00:00,2026-10-06T17:36:20.476240+00:00,3-4,3-4,3-4,False,lineup_equipment,布阵/装备/合成,operator_annotation_only,True,True,reported_true,not_evaluated_without_receipts,unknown_from_this_sample,,b2e13442ed0c4644a3837981a32ae0a2-3-4-accept-armor-recommendation.png,616b087bce2c4346a544d3802b2f19e0
38,98df7767b78a4680971517b25eaf89eb,source_helper_event_id_not_verified_broker_request_id,actions,3-4-return-gear-and-merge,0.266,2026-10-06T17:37:16.186064+00:00,2026-10-06T17:37:15.920064+00:00,3-4,3-4,3-4,False,lineup_equipment,布阵/装备/合成,operator_annotation_only,True,False,reported_false,not_evaluated_without_receipts,unknown_from_this_sample,physical input changed; no request sent,,616b087bce2c4346a544d3802b2f19e0
39,8d90e984f69a46218d527c235e976413,source_helper_event_id_not_verified_broker_request_id,actions,3-4-return-gear-and-merge,12.937,2026-10-06T17:38:23.582464+00:00,2026-10-06T17:38:10.645464+00:00,3-4,3-4,3-4,False,lineup_equipment,布阵/装备/合成,operator_annotation_only,True,True,reported_true,not_evaluated_without_receipts,unknown_from_this_sample,,11c5eb0bb246443483ae061bff32558c-3-4-return-gear-and-merge.png,616b087bce2c4346a544d3802b2f19e0
40,69d08b19f26748eb8fd297852411a3cb,source_helper_event_id_not_verified_broker_request_id,actions,3-4-clean-before-economy,5.047,2026-10-06T17:39:44.859037+00:00,2026-10-06T17:39:39.812037+00:00,3-4,3-4,3-4,False,inventory_cleanup,整理/清库,operator_annotation_only,True,True,reported_true,not_evaluated_without_receipts,unknown_from_this_sample,,6e1c2ba5acae4cb0ac56553750f9cb23-3-4-clean-before-economy.png,616b087bce2c4346a544d3802b2f19e0
41,d42509dd6a414aafbac0c1948fc2a0a4,source_helper_event_id_not_verified_broker_request_id,state,3-4-resume-state,0.015,2026-10-06T17:44:30.873200+00:00,2026-10-06T17:44:30.858200+00:00,3-4,3-4,3-4,False,recovery,恢复/恢复状态查询,operator_annotation_only,True,True,reported_true,not_evaluated_without_receipts,unknown_from_this_sample,,,616b087bce2c4346a544d3802b2f19e0
42,ed966fdfc2be4389bd66c68707e32376,source_helper_event_id_not_verified_broker_request_id,observe,3-4-fresh-before-sale,2.765,2026-10-06T17:44:48.075650+00:00,2026-10-06T17:44:45.310650+00:00,3-4,3-4,3-4,False,inventory_cleanup,整理/清库,operator_annotation_only,True,True,reported_true,not_evaluated_without_receipts,unknown_from_this_sample,,f269b4d292724d29a3a680222e39b4dc-3-4-fresh-before-sale.png,616b087bce2c4346a544d3802b2f19e0
43,c7f36f3a514f456e8e8672605d2e5748,source_helper_event_id_not_verified_broker_request_id,actions,3-4-sell-surplus-before-budget,7.343,2026-10-06T17:45:08.409549+00:00,2026-10-06T17:45:01.066549+00:00,3-4,3-4,3-4,False,inventory_cleanup,整理/清库,operator_annotation_only,True,True,reported_true,not_evaluated_without_receipts,unknown_from_this_sample,,07430a4b542a4a059aa7ccd15bd5fe4c-3-4-sell-surplus-before-budget.png,616b087bce2c4346a544d3802b2f19e0
44,dd530acf761345c2b599deb36bf316d1,source_helper_event_id_not_verified_broker_request_id,actions,3-4-paid-roll-1,5.562,2026-10-06T17:45:56.931701+00:00,2026-10-06T17:45:51.369701+00:00,3-4,3-4,3-4,False,economy,购买/刷新/升级,operator_annotation_only,True,True,reported_true,not_evaluated_without_receipts,unknown_from_this_sample,,cd02ed6728654ba5b83bf61c9cd9e6cb-3-4-paid-roll-1.png,616b087bce2c4346a544d3802b2f19e0
45,2a8b83a6654c482394a3da17d4312618,source_helper_event_id_not_verified_broker_request_id,actions,3-4-paid-roll-2,5.64,2026-10-06T17:46:20.878257+00:00,2026-10-06T17:46:15.238257+00:00,3-4,3-4,3-4,False,economy,购买/刷新/升级,operator_annotation_only,True,True,reported_true,not_evaluated_without_receipts,unknown_from_this_sample,,c8d9c2ca79f64fd8bf9144f2491fa0cc-3-4-paid-roll-2.png,616b087bce2c4346a544d3802b2f19e0
46,ade674258051402bb173ce236d643026,source_helper_event_id_not_verified_broker_request_id,actions,3-4-paid-roll-3,5.766,2026-10-06T17:46:37.011501+00:00,2026-10-06T17:46:31.245501+00:00,3-4,3-4,3-4,False,economy,购买/刷新/升级,operator_annotation_only,True,True,reported_true,not_evaluated_without_receipts,unknown_from_this_sample,,0a77a351b1894bf897f860b0f062b967-3-4-paid-roll-3.png,616b087bce2c4346a544d3802b2f19e0
47,98ef84847fe94ad3a31467dbd3de962a,source_helper_event_id_not_verified_broker_request_id,actions,3-4-paid-roll-4,5.672,2026-10-06T17:46:53.918362+00:00,2026-10-06T17:46:48.246362+00:00,3-4,3-4,3-4,False,economy,购买/刷新/升级,operator_annotation_only,True,True,reported_true,not_evaluated_without_receipts,unknown_from_this_sample,,10ae024765304d4e96a1644ea0784da0-3-4-paid-roll-4.png,616b087bce2c4346a544d3802b2f19e0
48,b65879a5c81e4b1e8a9475a07f31dfd2,source_helper_event_id_not_verified_broker_request_id,actions,3-4-paid-roll-5,5.797,2026-10-06T17:47:11.418612+00:00,2026-10-06T17:47:05.621612+00:00,3-4,3-4,3-4,False,economy,购买/刷新/升级,operator_annotation_only,True,True,reported_true,not_evaluated_without_receipts,unknown_from_this_sample,,d06b12b629914b0caf811430b2b9890a-3-4-paid-roll-5.png,616b087bce2c4346a544d3802b2f19e0
49,9fcb88e63d5e4352a2f8cd1516c0aedb,source_helper_event_id_not_verified_broker_request_id,actions,3-4-paid-roll-6,5.766,2026-10-06T17:47:36.401796+00:00,2026-10-06T17:47:30.635796+00:00,3-4,3-4,3-4,False,economy,购买/刷新/升级,operator_annotation_only,True,True,reported_true,not_evaluated_without_receipts,unknown_from_this_sample,,47b2c554f6984f0e825078e1c677c209-3-4-paid-roll-6.png,616b087bce2c4346a544d3802b2f19e0
50,fcd9802cc1e148269c0d236ffe5724fd,source_helper_event_id_not_verified_broker_request_id,actions,3-4-final-board-before-departure,4.875,2026-10-06T17:48:02.965092+00:00,2026-10-06T17:47:58.090092+00:00,3-4,3-4,3-4,False,battle_acceptance,验收/出战 helper,operator_annotation_only,True,True,reported_true,not_evaluated_without_receipts,unknown_from_this_sample,,193cf3845647490a9f52d1b4894f7c29-3-4-final-board-before-departure.png,616b087bce2c4346a544d3802b2f19e0
51,54189cd379444e65b9bc465b3aa2fb06,source_helper_event_id_not_verified_broker_request_id,battle,3-4-departure,8.531,2026-10-06T17:48:28.723987+00:00,2026-10-06T17:48:20.192987+00:00,3-4,3-4,3-4,False,battle_acceptance,验收/出战 helper,operator_annotation_only,True,True,reported_true,not_evaluated_without_receipts,unknown_from_this_sample,,6665f8b7529e4de5afa8a0aa422f3557-3-4-departure.png,616b087bce2c4346a544d3802b2f19e0
52,779f8273c42c4c12aa56cd21b405ce11,source_helper_event_id_not_verified_broker_request_id,observe,3-4-result-or-combat,4.719,2026-10-06T17:49:27.508410+00:00,2026-10-06T17:49:22.789410+00:00,3-4,3-4,3-4,False,mixed_battle_settlement,战斗或结算观察,operator_annotation_only,True,True,reported_true,not_evaluated_without_receipts,unknown_from_this_sample,,d96880402089481e9995ddb80319ed12-3-4-result-or-combat.png,616b087bce2c4346a544d3802b2f19e0
53,b8e0cb01fb9d487eb38e0bf08e1f3268,source_helper_event_id_not_verified_broker_request_id,resume,3-4-continue-battle,1.656,2026-10-06T17:50:00.749549+00:00,2026-10-06T17:49:59.093549+00:00,3-4,3-4,3-4,False,recovery,恢复/恢复状态查询,operator_annotation_only,True,True,reported_true,not_evaluated_without_receipts,unknown_from_this_sample,,,616b087bce2c4346a544d3802b2f19e0
