gap_index,before_event_index,after_event_index,before_helper_event_id,after_helper_event_id,before_label,after_label,start_utc,end_utc,unclassified_seconds,attribution
1,1,2,6f136ea5afe04b5cbc4c8e81a9f6e343,f4c87a3a6c6244deb216ef58ad4f101b,current-game,equip-and-guide,2026-10-06T17:03:07.420392+00:00,2026-10-06T17:03:50.901512+00:00,43.48112,unknown_no_causal_or_phase_assignment
2,2,3,f4c87a3a6c6244deb216ef58ad4f101b,d84fb0636adf44e0a530eccf4d436ced,equip-and-guide,shop-open,2026-10-06T17:03:58.088512+00:00,2026-10-06T17:04:09.472352+00:00,11.38384,unknown_no_causal_or_phase_assignment
3,3,4,d84fb0636adf44e0a530eccf4d436ced,07a0e5205e2d4ae284f2e17970799545,shop-open,free-refresh-and-xp,2026-10-06T17:04:16.535352+00:00,2026-10-06T17:04:32.039298+00:00,15.503946,unknown_no_causal_or_phase_assignment
4,4,5,07a0e5205e2d4ae284f2e17970799545,a9e979c9b8a9475f9c261195ffec69dc,free-refresh-and-xp,buy-feixiao-free-refresh,2026-10-06T17:04:41.554298+00:00,2026-10-06T17:05:00.235650+00:00,18.681352,unknown_no_causal_or_phase_assignment
5,5,6,a9e979c9b8a9475f9c261195ffec69dc,f38263d6e2c54e899fe5ab245fc1bcc8,buy-feixiao-free-refresh,prep-acceptance,2026-10-06T17:05:07.125650+00:00,2026-10-06T17:05:33.462111+00:00,26.336461,unknown_no_causal_or_phase_assignment
6,6,7,f38263d6e2c54e899fe5ab245fc1bcc8,8e89a7d2d45c452fa8c3813a1ff71e5b,prep-acceptance,prep-acceptance,2026-10-06T17:05:45.508111+00:00,2026-10-06T17:06:53.042115+00:00,67.534004,unknown_no_causal_or_phase_assignment
7,7,8,8e89a7d2d45c452fa8c3813a1ff71e5b,c0a30d34478c454b925b33dfa23b6a07,prep-acceptance,prep-acceptance,2026-10-06T17:07:05.073115+00:00,2026-10-06T17:08:28.475567+00:00,83.402452,unknown_no_causal_or_phase_assignment
8,8,9,c0a30d34478c454b925b33dfa23b6a07,ae4cb0908fd94ed9a5541578e0ecaa75,prep-acceptance,prep-acceptance,2026-10-06T17:08:40.522567+00:00,2026-10-06T17:09:51.497999+00:00,70.975432,unknown_no_causal_or_phase_assignment
9,9,10,ae4cb0908fd94ed9a5541578e0ecaa75,10b7ee40b6b24484b62299e7adf6eb2a,prep-acceptance,3-1-departure,2026-10-06T17:09:57.903999+00:00,2026-10-06T17:10:22.413884+00:00,24.509885,unknown_no_causal_or_phase_assignment
10,10,11,10b7ee40b6b24484b62299e7adf6eb2a,dbd0cbc48bd140f6b6a7d97871a38198,3-1-departure,3-1-departure,2026-10-06T17:10:24.928884+00:00,2026-10-06T17:10:43.022078+00:00,18.093194,unknown_no_causal_or_phase_assignment
11,11,12,dbd0cbc48bd140f6b6a7d97871a38198,33b337a9711c41cc846b1740454b599c,3-1-departure,3-1-departure,2026-10-06T17:10:45.475078+00:00,2026-10-06T17:11:04.914673+00:00,19.439595,unknown_no_causal_or_phase_assignment
12,12,13,33b337a9711c41cc846b1740454b599c,026a87c08d9c4664828ffc57c9a84032,3-1-departure,native-battle-progress,2026-10-06T17:11:12.695673+00:00,2026-10-06T17:12:09.069938+00:00,56.374265,unknown_no_causal_or_phase_assignment
13,13,14,026a87c08d9c4664828ffc57c9a84032,be1c89aa4c48478682bba562d096bc7c,native-battle-progress,3-1-battle-or-result,2026-10-06T17:12:09.085938+00:00,2026-10-06T17:12:35.437913+00:00,26.351975,unknown_no_causal_or_phase_assignment
14,14,15,be1c89aa4c48478682bba562d096bc7c,8ba32a4cf197449cbfe8ce43a35716b3,3-1-battle-or-result,native-fight,2026-10-06T17:12:40.140913+00:00,2026-10-06T17:13:11.824269+00:00,31.683356,unknown_no_causal_or_phase_assignment
15,15,16,8ba32a4cf197449cbfe8ce43a35716b3,a5c51f11da9e4377b9e53beaa9836092,native-fight,3-1-next-page,2026-10-06T17:13:13.215269+00:00,2026-10-06T17:13:51.747507+00:00,38.532238,unknown_no_causal_or_phase_assignment
16,16,17,a5c51f11da9e4377b9e53beaa9836092,4582b108962e4532923b8bf975ea371c,3-1-next-page,3-1-result-continue,2026-10-06T17:13:55.997507+00:00,2026-10-06T17:14:30.013030+00:00,34.015523,unknown_no_causal_or_phase_assignment
17,17,18,4582b108962e4532923b8bf975ea371c,8b67ffa5a717490ebfbc875a25aa4645,3-1-result-continue,3-2-rewards,2026-10-06T17:14:35.576030+00:00,2026-10-06T17:14:59.340570+00:00,23.76454,unknown_no_causal_or_phase_assignment
18,18,19,8b67ffa5a717490ebfbc875a25aa4645,519ad61903d04df68fb74c8cd6d85768,3-2-rewards,3-2-investment-reward,2026-10-06T17:15:01.746570+00:00,2026-10-06T17:15:43.817944+00:00,42.071374,unknown_no_causal_or_phase_assignment
19,19,20,519ad61903d04df68fb74c8cd6d85768,f8f621e55cf34b389eacd366c8d80f83,3-2-investment-reward,3-2-sell-drawer,2026-10-06T17:15:50.161944+00:00,2026-10-06T17:16:32.589881+00:00,42.427937,unknown_no_causal_or_phase_assignment
20,20,21,f8f621e55cf34b389eacd366c8d80f83,db3e42de52ef4f8a8f6ddd193bb1e26f,3-2-sell-drawer,3-2-sell-before-shopping,2026-10-06T17:16:37.620881+00:00,2026-10-06T17:17:16.986345+00:00,39.365464,unknown_no_causal_or_phase_assignment
21,21,22,db3e42de52ef4f8a8f6ddd193bb1e26f,06bc9ff7e647457c9e07be424941875c,3-2-sell-before-shopping,3-2-level-after-shop-stop,2026-10-06T17:17:24.346345+00:00,2026-10-06T17:18:28.745140+00:00,64.398795,unknown_no_causal_or_phase_assignment
22,22,23,06bc9ff7e647457c9e07be424941875c,47fc789c49ae4d94bf31cf0997ea2947,3-2-level-after-shop-stop,3-2-cipher-role-read,2026-10-06T17:18:37.760140+00:00,2026-10-06T17:19:04.744376+00:00,26.984236,unknown_no_causal_or_phase_assignment
23,23,24,47fc789c49ae4d94bf31cf0997ea2947,398fd51b036749ecb7d20aafef588117,3-2-cipher-role-read,3-2-deploy-eighth,2026-10-06T17:19:10.150376+00:00,2026-10-06T17:19:36.081252+00:00,25.930876,unknown_no_causal_or_phase_assignment
24,24,25,398fd51b036749ecb7d20aafef588117,7eab01be6b69414698ed8c216acbb797,3-2-deploy-eighth,3-2-departure,2026-10-06T17:19:43.409252+00:00,2026-10-06T17:20:33.135005+00:00,49.725753,unknown_no_causal_or_phase_assignment
25,25,26,7eab01be6b69414698ed8c216acbb797,8228069596ab4748b6c4c636f25aabb9,3-2-departure,3-2-departure,2026-10-06T17:20:35.698005+00:00,2026-10-06T17:21:59.252979+00:00,83.554974,unknown_no_causal_or_phase_assignment
26,26,27,8228069596ab4748b6c4c636f25aabb9,50502f3142404aac82f49714f59acab2,3-2-departure,3-2-native-progress,2026-10-06T17:22:07.767979+00:00,2026-10-06T17:23:21.696019+00:00,73.92804,unknown_no_causal_or_phase_assignment
27,27,28,50502f3142404aac82f49714f59acab2,171e087b291742d7a6e4f0ee84b530af,3-2-native-progress,3-2-result,2026-10-06T17:23:21.696019+00:00,2026-10-06T17:24:05.103327+00:00,43.407308,unknown_no_causal_or_phase_assignment
28,28,29,171e087b291742d7a6e4f0ee84b530af,a1d7142c8cf74ecab172b1c2e3c4b966,3-2-result,3-2-continue,2026-10-06T17:24:09.337327+00:00,2026-10-06T17:24:48.105878+00:00,38.768551,unknown_no_causal_or_phase_assignment
29,29,30,a1d7142c8cf74ecab172b1c2e3c4b966,54f534d19ece4db281b59832dabcaa50,3-2-continue,3-3-reward-choice,2026-10-06T17:24:53.823878+00:00,2026-10-06T17:25:39.679672+00:00,45.855794,unknown_no_causal_or_phase_assignment
30,30,31,54f534d19ece4db281b59832dabcaa50,3374949f9f444f06a3083be382c61f05,3-3-reward-choice,3-3-armor-read,2026-10-06T17:25:41.897672+00:00,2026-10-06T17:27:29.598811+00:00,107.701139,unknown_no_causal_or_phase_assignment
31,31,32,3374949f9f444f06a3083be382c61f05,63cf4329d4e54687b91393d7f6ec2932,3-3-armor-read,3-3-armor-choice-and-tooltip,2026-10-06T17:27:31.238811+00:00,2026-10-06T17:29:08.312942+00:00,97.074131,unknown_no_causal_or_phase_assignment
32,32,33,63cf4329d4e54687b91393d7f6ec2932,c212784a6c7c49eeb40c6f99ad432cd4,3-3-armor-choice-and-tooltip,3-3-select-recommended-armor,2026-10-06T17:29:13.203942+00:00,2026-10-06T17:30:20.787213+00:00,67.583271,unknown_no_causal_or_phase_assignment
33,33,34,c212784a6c7c49eeb40c6f99ad432cd4,c580390cdea04cbdbc07b4bf31eba536,3-3-select-recommended-armor,3-3-confirm-reward,2026-10-06T17:30:26.225213+00:00,2026-10-06T17:30:38.246222+00:00,12.021009,unknown_no_causal_or_phase_assignment
34,34,35,c580390cdea04cbdbc07b4bf31eba536,552443573357408b84813ef97ab8656a,3-3-confirm-reward,3-4-gear-preparation,2026-10-06T17:30:43.637222+00:00,2026-10-06T17:33:10.797177+00:00,147.159955,unknown_no_causal_or_phase_assignment
35,35,36,552443573357408b84813ef97ab8656a,68fc0aacd3ed4a63a3a5384e8c10498c,3-4-gear-preparation,3-4-accept-armor-recommendation,2026-10-06T17:33:19.719177+00:00,2026-10-06T17:34:45.061936+00:00,85.342759,unknown_no_causal_or_phase_assignment
36,36,37,68fc0aacd3ed4a63a3a5384e8c10498c,78f3e9bcff8b4d63ba7b9ce9a13a1d79,3-4-accept-armor-recommendation,3-4-accept-armor-recommendation,2026-10-06T17:34:45.326936+00:00,2026-10-06T17:36:20.476240+00:00,95.149304,unknown_no_causal_or_phase_assignment
37,37,38,78f3e9bcff8b4d63ba7b9ce9a13a1d79,98df7767b78a4680971517b25eaf89eb,3-4-accept-armor-recommendation,3-4-return-gear-and-merge,2026-10-06T17:36:26.835240+00:00,2026-10-06T17:37:15.920064+00:00,49.084824,unknown_no_causal_or_phase_assignment
38,38,39,98df7767b78a4680971517b25eaf89eb,8d90e984f69a46218d527c235e976413,3-4-return-gear-and-merge,3-4-return-gear-and-merge,2026-10-06T17:37:16.186064+00:00,2026-10-06T17:38:10.645464+00:00,54.4594,unknown_no_causal_or_phase_assignment
39,39,40,8d90e984f69a46218d527c235e976413,69d08b19f26748eb8fd297852411a3cb,3-4-return-gear-and-merge,3-4-clean-before-economy,2026-10-06T17:38:23.582464+00:00,2026-10-06T17:39:39.812037+00:00,76.229573,unknown_no_causal_or_phase_assignment
40,40,41,69d08b19f26748eb8fd297852411a3cb,d42509dd6a414aafbac0c1948fc2a0a4,3-4-clean-before-economy,3-4-resume-state,2026-10-06T17:39:44.859037+00:00,2026-10-06T17:44:30.858200+00:00,285.999163,unknown_no_causal_or_phase_assignment
41,41,42,d42509dd6a414aafbac0c1948fc2a0a4,ed966fdfc2be4389bd66c68707e32376,3-4-resume-state,3-4-fresh-before-sale,2026-10-06T17:44:30.873200+00:00,2026-10-06T17:44:45.310650+00:00,14.43745,unknown_no_causal_or_phase_assignment
42,42,43,ed966fdfc2be4389bd66c68707e32376,c7f36f3a514f456e8e8672605d2e5748,3-4-fresh-before-sale,3-4-sell-surplus-before-budget,2026-10-06T17:44:48.075650+00:00,2026-10-06T17:45:01.066549+00:00,12.990899,unknown_no_causal_or_phase_assignment
43,43,44,c7f36f3a514f456e8e8672605d2e5748,dd530acf761345c2b599deb36bf316d1,3-4-sell-surplus-before-budget,3-4-paid-roll-1,2026-10-06T17:45:08.409549+00:00,2026-10-06T17:45:51.369701+00:00,42.960152,unknown_no_causal_or_phase_assignment
44,44,45,dd530acf761345c2b599deb36bf316d1,2a8b83a6654c482394a3da17d4312618,3-4-paid-roll-1,3-4-paid-roll-2,2026-10-06T17:45:56.931701+00:00,2026-10-06T17:46:15.238257+00:00,18.306556,unknown_no_causal_or_phase_assignment
45,45,46,2a8b83a6654c482394a3da17d4312618,ade674258051402bb173ce236d643026,3-4-paid-roll-2,3-4-paid-roll-3,2026-10-06T17:46:20.878257+00:00,2026-10-06T17:46:31.245501+00:00,10.367244,unknown_no_causal_or_phase_assignment
46,46,47,ade674258051402bb173ce236d643026,98ef84847fe94ad3a31467dbd3de962a,3-4-paid-roll-3,3-4-paid-roll-4,2026-10-06T17:46:37.011501+00:00,2026-10-06T17:46:48.246362+00:00,11.234861,unknown_no_causal_or_phase_assignment
47,47,48,98ef84847fe94ad3a31467dbd3de962a,b65879a5c81e4b1e8a9475a07f31dfd2,3-4-paid-roll-4,3-4-paid-roll-5,2026-10-06T17:46:53.918362+00:00,2026-10-06T17:47:05.621612+00:00,11.70325,unknown_no_causal_or_phase_assignment
48,48,49,b65879a5c81e4b1e8a9475a07f31dfd2,9fcb88e63d5e4352a2f8cd1516c0aedb,3-4-paid-roll-5,3-4-paid-roll-6,2026-10-06T17:47:11.418612+00:00,2026-10-06T17:47:30.635796+00:00,19.217184,unknown_no_causal_or_phase_assignment
49,49,50,9fcb88e63d5e4352a2f8cd1516c0aedb,fcd9802cc1e148269c0d236ffe5724fd,3-4-paid-roll-6,3-4-final-board-before-departure,2026-10-06T17:47:36.401796+00:00,2026-10-06T17:47:58.090092+00:00,21.688296,unknown_no_causal_or_phase_assignment
50,50,51,fcd9802cc1e148269c0d236ffe5724fd,54189cd379444e65b9bc465b3aa2fb06,3-4-final-board-before-departure,3-4-departure,2026-10-06T17:48:02.965092+00:00,2026-10-06T17:48:20.192987+00:00,17.227895,unknown_no_causal_or_phase_assignment
51,51,52,54189cd379444e65b9bc465b3aa2fb06,779f8273c42c4c12aa56cd21b405ce11,3-4-departure,3-4-result-or-combat,2026-10-06T17:48:28.723987+00:00,2026-10-06T17:49:22.789410+00:00,54.065423,unknown_no_causal_or_phase_assignment
52,52,53,779f8273c42c4c12aa56cd21b405ce11,b8e0cb01fb9d487eb38e0bf08e1f3268,3-4-result-or-combat,3-4-continue-battle,2026-10-06T17:49:27.508410+00:00,2026-10-06T17:49:59.093549+00:00,31.585139,unknown_no_causal_or_phase_assignment
