grouping,group,event_count,helper_raw_sum_seconds,mean_seconds,median_seconds,p95_nearest_rank_seconds,min_seconds,max_seconds,full_node_elapsed_seconds
event_stage_after,,15,96.247,6.416467,6.89,12.047,0.016,12.047,
event_stage_after,3-1,1,4.25,4.25,4.25,4.25,4.25,4.25,
event_stage_after,3-2,12,63.765,5.31375,5.4845,9.015,0.0,9.015,
event_stage_after,3-3,5,19.905,3.981,4.891,5.718,1.64,5.718,
event_stage_after,3-4,20,103.294,5.1647,5.601,8.922,0.015,12.937,
annotation_node_bucket,3-1,5,21.702,4.3404,4.25,7.781,2.453,7.781,
annotation_node_bucket,3-1→3-2,1,5.563,5.563,5.563,5.563,5.563,5.563,
annotation_node_bucket,3-2,11,58.202,5.291091,5.406,9.015,0.0,9.015,
annotation_node_bucket,3-2→3-3,1,5.718,5.718,5.718,5.718,5.718,5.718,
annotation_node_bucket,3-3,4,14.187,3.54675,3.5545,5.438,1.64,5.438,
annotation_node_bucket,3-3→3-4,1,5.391,5.391,5.391,5.391,5.391,5.391,
annotation_node_bucket,3-4,19,97.903,5.152789,5.64,12.937,0.015,12.937,
annotation_node_bucket,unlabelled,11,78.795,7.163182,7.063,12.047,0.016,12.047,
